<?xml version="1.0" encoding="UTF-8"?>
<beans xmlns="http://www.springframework.org/schema/beans"
	xmlns:xsi="http://www.w3.org/2001/XMLSchema-instance"
	xmlns:context="http://www.springframework.org/schema/context"
	xmlns:task="http://www.springframework.org/schema/task"
	xsi:schemaLocation="
          http://www.springframework.org/schema/beans
          http://www.springframework.org/schema/beans/spring-beans.xsd
          http://www.springframework.org/schema/context
          http://www.springframework.org/schema/context/spring-context.xsd
          http://www.springframework.org/schema/task
          http://www.springframework.org/schema/task/spring-task.xsd">

	<!-- 装载service -->
	<context:component-scan base-package="**.service" />
	<!-- 扫描controller -->
	<context:component-scan base-package="**.*controller"/>
	<context:component-scan base-package="**.dao" />


	<!-- 装载自定义bean -->
	<context:component-scan base-package="**.*" use-default-filters="false">
		<context:include-filter type="assignable" expression="com.zheng.common.base.BaseInterface"></context:include-filter>
	</context:component-scan>

	<!-- 启动时初始化Spring上下文环境工具类 -->
	<bean id="springContextUtil" class="com.zheng.common.util.SpringContextUtil"></bean>

</beans>