<?xml version="1.0" encoding="UTF-8"?>
<!DOCTYPE mapper PUBLIC "-//mybatis.org//DTD Mapper 3.0//EN" "http://mybatis.org/dtd/mybatis-3-mapper.dtd">
<mapper namespace="com.zheng.upms.dao.mapper.UpmsUserRoleMapper">
  <resultMap id="BaseResultMap" type="com.zheng.upms.dao.model.UpmsUserRole">
    <id column="user_role_id" jdbcType="INTEGER" property="userRoleId" />
    <result column="user_id" jdbcType="INTEGER" property="userId" />
    <result column="role_id" jdbcType="INTEGER" property="roleId" />
  </resultMap>
  <sql id="Example_Where_Clause">
    <where>
      <foreach collection="oredCriteria" item="criteria" separator="or">
        <if test="criteria.valid">
          <trim prefix="(" prefixOverrides="and" suffix=")">
            <foreach collection="criteria.criteria" item="criterion">
              <choose>
                <when test="criterion.noValue">
                  and ${criterion.condition}
                </when>
                <when test="criterion.singleValue">
                  and ${criterion.condition} #{criterion.value}
                </when>
                <when test="criterion.betweenValue">
                  and ${criterion.condition} #{criterion.value} and #{criterion.secondValue}
                </when>
                <when test="criterion.listValue">
                  and ${criterion.condition}
                  <foreach close=")" collection="criterion.value" item="listItem" open="(" separator=",">
                    #{listItem}
                  </foreach>
                </when>
              </choose>
            </foreach>
          </trim>
        </if>
      </foreach>
    </where>
  </sql>
  <sql id="Update_By_Example_Where_Clause">
    <where>
      <foreach collection="example.oredCriteria" item="criteria" separator="or">
        <if test="criteria.valid">
          <trim prefix="(" prefixOverrides="and" suffix=")">
            <foreach collection="criteria.criteria" item="criterion">
              <choose>
                <when test="criterion.noValue">
                  and ${criterion.condition}
                </when>
                <when test="criterion.singleValue">
                  and ${criterion.condition} #{criterion.value}
                </when>
                <when test="criterion.betweenValue">
                  and ${criterion.condition} #{criterion.value} and #{criterion.secondValue}
                </when>
                <when test="criterion.listValue">
                  and ${criterion.condition}
                  <foreach close=")" collection="criterion.value" item="listItem" open="(" separator=",">
                    #{listItem}
                  </foreach>
                </when>
              </choose>
            </foreach>
          </trim>
        </if>
      </foreach>
    </where>
  </sql>
  <sql id="Base_Column_List">
    user_role_id, user_id, role_id
  </sql>
  <select id="selectByExample" parameterType="com.zheng.upms.dao.model.UpmsUserRoleExample" resultMap="BaseResultMap">
    select
    <if test="distinct">
      distinct
    </if>
    <include refid="Base_Column_List" />
    from upms_user_role
    <if test="_parameter != null">
      <include refid="Example_Where_Clause" />
    </if>
    <if test="orderByClause != null">
      order by ${orderByClause}
    </if>
  </select>
  <select id="selectByPrimaryKey" parameterType="java.lang.Integer" resultMap="BaseResultMap">
    select 
    <include refid="Base_Column_List" />
    from upms_user_role
    where user_role_id = #{userRoleId,jdbcType=INTEGER}
  </select>
  <delete id="deleteByPrimaryKey" parameterType="java.lang.Integer">
    delete from upms_user_role
    where user_role_id = #{userRoleId,jdbcType=INTEGER}
  </delete>
  <delete id="deleteByExample" parameterType="com.zheng.upms.dao.model.UpmsUserRoleExample">
    delete from upms_user_role
    <if test="_parameter != null">
      <include refid="Example_Where_Clause" />
    </if>
  </delete>
  <insert id="insert" parameterType="com.zheng.upms.dao.model.UpmsUserRole">
    insert into upms_user_role (user_role_id, user_id, role_id
      )
    values (#{userRoleId,jdbcType=INTEGER}, #{userId,jdbcType=INTEGER}, #{roleId,jdbcType=INTEGER}
      )
  </insert>
  <insert id="insertSelective" parameterType="com.zheng.upms.dao.model.UpmsUserRole">
    insert into upms_user_role
    <trim prefix="(" suffix=")" suffixOverrides=",">
      <if test="userRoleId != null">
        user_role_id,
      </if>
      <if test="userId != null">
        user_id,
      </if>
      <if test="roleId != null">
        role_id,
      </if>
    </trim>
    <trim prefix="values (" suffix=")" suffixOverrides=",">
      <if test="userRoleId != null">
        #{userRoleId,jdbcType=INTEGER},
      </if>
      <if test="userId != null">
        #{userId,jdbcType=INTEGER},
      </if>
      <if test="roleId != null">
        #{roleId,jdbcType=INTEGER},
      </if>
    </trim>
  </insert>
  <select id="countByExample" parameterType="com.zheng.upms.dao.model.UpmsUserRoleExample" resultType="java.lang.Long">
    select count(*) from upms_user_role
    <if test="_parameter != null">
      <include refid="Example_Where_Clause" />
    </if>
  </select>
  <update id="updateByExampleSelective" parameterType="map">
    update upms_user_role
    <set>
      <if test="record.userRoleId != null">
        user_role_id = #{record.userRoleId,jdbcType=INTEGER},
      </if>
      <if test="record.userId != null">
        user_id = #{record.userId,jdbcType=INTEGER},
      </if>
      <if test="record.roleId != null">
        role_id = #{record.roleId,jdbcType=INTEGER},
      </if>
    </set>
    <if test="_parameter != null">
      <include refid="Update_By_Example_Where_Clause" />
    </if>
  </update>
  <update id="updateByExample" parameterType="map">
    update upms_user_role
    set user_role_id = #{record.userRoleId,jdbcType=INTEGER},
      user_id = #{record.userId,jdbcType=INTEGER},
      role_id = #{record.roleId,jdbcType=INTEGER}
    <if test="_parameter != null">
      <include refid="Update_By_Example_Where_Clause" />
    </if>
  </update>
  <update id="updateByPrimaryKeySelective" parameterType="com.zheng.upms.dao.model.UpmsUserRole">
    update upms_user_role
    <set>
      <if test="userId != null">
        user_id = #{userId,jdbcType=INTEGER},
      </if>
      <if test="roleId != null">
        role_id = #{roleId,jdbcType=INTEGER},
      </if>
    </set>
    where user_role_id = #{userRoleId,jdbcType=INTEGER}
  </update>
  <update id="updateByPrimaryKey" parameterType="com.zheng.upms.dao.model.UpmsUserRole">
    update upms_user_role
    set user_id = #{userId,jdbcType=INTEGER},
      role_id = #{roleId,jdbcType=INTEGER}
    where user_role_id = #{userRoleId,jdbcType=INTEGER}
  </update>
  <cache type="org.mybatis.caches.ehcache.LoggingEhcache" />
</mapper>