<?xml version="1.0" encoding="UTF-8"?>
<!DOCTYPE mapper PUBLIC "-//mybatis.org//DTD Mapper 3.0//EN" "http://mybatis.org/dtd/mybatis-3-mapper.dtd">
<mapper namespace="com.zheng.upms.dao.mapper.UpmsOrganizationMapper">
  <resultMap id="BaseResultMap" type="com.zheng.upms.dao.model.UpmsOrganization">
    <id column="organization_id" jdbcType="INTEGER" property="organizationId" />
    <result column="pid" jdbcType="INTEGER" property="pid" />
    <result column="name" jdbcType="VARCHAR" property="name" />
    <result column="description" jdbcType="VARCHAR" property="description" />
    <result column="ctime" jdbcType="BIGINT" property="ctime" />
  </resultMap>
  <sql id="Example_Where_Clause">
    <where>
      <foreach collection="oredCriteria" item="criteria" separator="or">
        <if test="criteria.valid">
          <trim prefix="(" prefixOverrides="and" suffix=")">
            <foreach collection="criteria.criteria" item="criterion">
              <choose>
                <when test="criterion.noValue">
                  and ${criterion.condition}
                </when>
                <when test="criterion.singleValue">
                  and ${criterion.condition} #{criterion.value}
                </when>
                <when test="criterion.betweenValue">
                  and ${criterion.condition} #{criterion.value} and #{criterion.secondValue}
                </when>
                <when test="criterion.listValue">
                  and ${criterion.condition}
                  <foreach close=")" collection="criterion.value" item="listItem" open="(" separator=",">
                    #{listItem}
                  </foreach>
                </when>
              </choose>
            </foreach>
          </trim>
        </if>
      </foreach>
    </where>
  </sql>
  <sql id="Update_By_Example_Where_Clause">
    <where>
      <foreach collection="example.oredCriteria" item="criteria" separator="or">
        <if test="criteria.valid">
          <trim prefix="(" prefixOverrides="and" suffix=")">
            <foreach collection="criteria.criteria" item="criterion">
              <choose>
                <when test="criterion.noValue">
                  and ${criterion.condition}
                </when>
                <when test="criterion.singleValue">
                  and ${criterion.condition} #{criterion.value}
                </when>
                <when test="criterion.betweenValue">
                  and ${criterion.condition} #{criterion.value} and #{criterion.secondValue}
                </when>
                <when test="criterion.listValue">
                  and ${criterion.condition}
                  <foreach close=")" collection="criterion.value" item="listItem" open="(" separator=",">
                    #{listItem}
                  </foreach>
                </when>
              </choose>
            </foreach>
          </trim>
        </if>
      </foreach>
    </where>
  </sql>
  <sql id="Base_Column_List">
    organization_id, pid, name, description, ctime
  </sql>
  <select id="selectByExample" parameterType="com.zheng.upms.dao.model.UpmsOrganizationExample" resultMap="BaseResultMap">
    select
    <if test="distinct">
      distinct
    </if>
    <include refid="Base_Column_List" />
    from upms_organization
    <if test="_parameter != null">
      <include refid="Example_Where_Clause" />
    </if>
    <if test="orderByClause != null">
      order by ${orderByClause}
    </if>
  </select>
  <select id="selectByPrimaryKey" parameterType="java.lang.Integer" resultMap="BaseResultMap">
    select 
    <include refid="Base_Column_List" />
    from upms_organization
    where organization_id = #{organizationId,jdbcType=INTEGER}
  </select>
  <delete id="deleteByPrimaryKey" parameterType="java.lang.Integer">
    delete from upms_organization
    where organization_id = #{organizationId,jdbcType=INTEGER}
  </delete>
  <delete id="deleteByExample" parameterType="com.zheng.upms.dao.model.UpmsOrganizationExample">
    delete from upms_organization
    <if test="_parameter != null">
      <include refid="Example_Where_Clause" />
    </if>
  </delete>
  <insert id="insert" parameterType="com.zheng.upms.dao.model.UpmsOrganization">
    insert into upms_organization (organization_id, pid, name, 
      description, ctime)
    values (#{organizationId,jdbcType=INTEGER}, #{pid,jdbcType=INTEGER}, #{name,jdbcType=VARCHAR}, 
      #{description,jdbcType=VARCHAR}, #{ctime,jdbcType=BIGINT})
  </insert>
  <insert id="insertSelective" parameterType="com.zheng.upms.dao.model.UpmsOrganization">
    insert into upms_organization
    <trim prefix="(" suffix=")" suffixOverrides=",">
      <if test="organizationId != null">
        organization_id,
      </if>
      <if test="pid != null">
        pid,
      </if>
      <if test="name != null">
        name,
      </if>
      <if test="description != null">
        description,
      </if>
      <if test="ctime != null">
        ctime,
      </if>
    </trim>
    <trim prefix="values (" suffix=")" suffixOverrides=",">
      <if test="organizationId != null">
        #{organizationId,jdbcType=INTEGER},
      </if>
      <if test="pid != null">
        #{pid,jdbcType=INTEGER},
      </if>
      <if test="name != null">
        #{name,jdbcType=VARCHAR},
      </if>
      <if test="description != null">
        #{description,jdbcType=VARCHAR},
      </if>
      <if test="ctime != null">
        #{ctime,jdbcType=BIGINT},
      </if>
    </trim>
  </insert>
  <select id="countByExample" parameterType="com.zheng.upms.dao.model.UpmsOrganizationExample" resultType="java.lang.Long">
    select count(*) from upms_organization
    <if test="_parameter != null">
      <include refid="Example_Where_Clause" />
    </if>
  </select>
  <update id="updateByExampleSelective" parameterType="map">
    update upms_organization
    <set>
      <if test="record.organizationId != null">
        organization_id = #{record.organizationId,jdbcType=INTEGER},
      </if>
      <if test="record.pid != null">
        pid = #{record.pid,jdbcType=INTEGER},
      </if>
      <if test="record.name != null">
        name = #{record.name,jdbcType=VARCHAR},
      </if>
      <if test="record.description != null">
        description = #{record.description,jdbcType=VARCHAR},
      </if>
      <if test="record.ctime != null">
        ctime = #{record.ctime,jdbcType=BIGINT},
      </if>
    </set>
    <if test="_parameter != null">
      <include refid="Update_By_Example_Where_Clause" />
    </if>
  </update>
  <update id="updateByExample" parameterType="map">
    update upms_organization
    set organization_id = #{record.organizationId,jdbcType=INTEGER},
      pid = #{record.pid,jdbcType=INTEGER},
      name = #{record.name,jdbcType=VARCHAR},
      description = #{record.description,jdbcType=VARCHAR},
      ctime = #{record.ctime,jdbcType=BIGINT}
    <if test="_parameter != null">
      <include refid="Update_By_Example_Where_Clause" />
    </if>
  </update>
  <update id="updateByPrimaryKeySelective" parameterType="com.zheng.upms.dao.model.UpmsOrganization">
    update upms_organization
    <set>
      <if test="pid != null">
        pid = #{pid,jdbcType=INTEGER},
      </if>
      <if test="name != null">
        name = #{name,jdbcType=VARCHAR},
      </if>
      <if test="description != null">
        description = #{description,jdbcType=VARCHAR},
      </if>
      <if test="ctime != null">
        ctime = #{ctime,jdbcType=BIGINT},
      </if>
    </set>
    where organization_id = #{organizationId,jdbcType=INTEGER}
  </update>
  <update id="updateByPrimaryKey" parameterType="com.zheng.upms.dao.model.UpmsOrganization">
    update upms_organization
    set pid = #{pid,jdbcType=INTEGER},
      name = #{name,jdbcType=VARCHAR},
      description = #{description,jdbcType=VARCHAR},
      ctime = #{ctime,jdbcType=BIGINT}
    where organization_id = #{organizationId,jdbcType=INTEGER}
  </update>
  <cache type="org.mybatis.caches.ehcache.LoggingEhcache" />
</mapper>