<?xml version="1.0" encoding="UTF-8"?>
<!DOCTYPE mapper PUBLIC "-//mybatis.org//DTD Mapper 3.0//EN" "http://mybatis.org/dtd/mybatis-3-mapper.dtd">
<mapper namespace="com.zheng.upms.dao.mapper.UpmsRoleMapper">
  <resultMap id="BaseResultMap" type="com.zheng.upms.dao.model.UpmsRole">
    <id column="role_id" jdbcType="INTEGER" property="roleId" />
    <result column="name" jdbcType="VARCHAR" property="name" />
    <result column="title" jdbcType="VARCHAR" property="title" />
    <result column="description" jdbcType="VARCHAR" property="description" />
    <result column="ctime" jdbcType="BIGINT" property="ctime" />
    <result column="orders" jdbcType="BIGINT" property="orders" />
  </resultMap>
  <sql id="Example_Where_Clause">
    <where>
      <foreach collection="oredCriteria" item="criteria" separator="or">
        <if test="criteria.valid">
          <trim prefix="(" prefixOverrides="and" suffix=")">
            <foreach collection="criteria.criteria" item="criterion">
              <choose>
                <when test="criterion.noValue">
                  and ${criterion.condition}
                </when>
                <when test="criterion.singleValue">
                  and ${criterion.condition} #{criterion.value}
                </when>
                <when test="criterion.betweenValue">
                  and ${criterion.condition} #{criterion.value} and #{criterion.secondValue}
                </when>
                <when test="criterion.listValue">
                  and ${criterion.condition}
                  <foreach close=")" collection="criterion.value" item="listItem" open="(" separator=",">
                    #{listItem}
                  </foreach>
                </when>
              </choose>
            </foreach>
          </trim>
        </if>
      </foreach>
    </where>
  </sql>
  <sql id="Update_By_Example_Where_Clause">
    <where>
      <foreach collection="example.oredCriteria" item="criteria" separator="or">
        <if test="criteria.valid">
          <trim prefix="(" prefixOverrides="and" suffix=")">
            <foreach collection="criteria.criteria" item="criterion">
              <choose>
                <when test="criterion.noValue">
                  and ${criterion.condition}
                </when>
                <when test="criterion.singleValue">
                  and ${criterion.condition} #{criterion.value}
                </when>
                <when test="criterion.betweenValue">
                  and ${criterion.condition} #{criterion.value} and #{criterion.secondValue}
                </when>
                <when test="criterion.listValue">
                  and ${criterion.condition}
                  <foreach close=")" collection="criterion.value" item="listItem" open="(" separator=",">
                    #{listItem}
                  </foreach>
                </when>
              </choose>
            </foreach>
          </trim>
        </if>
      </foreach>
    </where>
  </sql>
  <sql id="Base_Column_List">
    role_id, name, title, description, ctime, orders
  </sql>
  <select id="selectByExample" parameterType="com.zheng.upms.dao.model.UpmsRoleExample" resultMap="BaseResultMap">
    select
    <if test="distinct">
      distinct
    </if>
    <include refid="Base_Column_List" />
    from upms_role
    <if test="_parameter != null">
      <include refid="Example_Where_Clause" />
    </if>
    <if test="orderByClause != null">
      order by ${orderByClause}
    </if>
  </select>
  <select id="selectByPrimaryKey" parameterType="java.lang.Integer" resultMap="BaseResultMap">
    select 
    <include refid="Base_Column_List" />
    from upms_role
    where role_id = #{roleId,jdbcType=INTEGER}
  </select>
  <delete id="deleteByPrimaryKey" parameterType="java.lang.Integer">
    delete from upms_role
    where role_id = #{roleId,jdbcType=INTEGER}
  </delete>
  <delete id="deleteByExample" parameterType="com.zheng.upms.dao.model.UpmsRoleExample">
    delete from upms_role
    <if test="_parameter != null">
      <include refid="Example_Where_Clause" />
    </if>
  </delete>
  <insert id="insert" parameterType="com.zheng.upms.dao.model.UpmsRole">
    insert into upms_role (role_id, name, title, 
      description, ctime, orders
      )
    values (#{roleId,jdbcType=INTEGER}, #{name,jdbcType=VARCHAR}, #{title,jdbcType=VARCHAR}, 
      #{description,jdbcType=VARCHAR}, #{ctime,jdbcType=BIGINT}, #{orders,jdbcType=BIGINT}
      )
  </insert>
  <insert id="insertSelective" parameterType="com.zheng.upms.dao.model.UpmsRole">
    insert into upms_role
    <trim prefix="(" suffix=")" suffixOverrides=",">
      <if test="roleId != null">
        role_id,
      </if>
      <if test="name != null">
        name,
      </if>
      <if test="title != null">
        title,
      </if>
      <if test="description != null">
        description,
      </if>
      <if test="ctime != null">
        ctime,
      </if>
      <if test="orders != null">
        orders,
      </if>
    </trim>
    <trim prefix="values (" suffix=")" suffixOverrides=",">
      <if test="roleId != null">
        #{roleId,jdbcType=INTEGER},
      </if>
      <if test="name != null">
        #{name,jdbcType=VARCHAR},
      </if>
      <if test="title != null">
        #{title,jdbcType=VARCHAR},
      </if>
      <if test="description != null">
        #{description,jdbcType=VARCHAR},
      </if>
      <if test="ctime != null">
        #{ctime,jdbcType=BIGINT},
      </if>
      <if test="orders != null">
        #{orders,jdbcType=BIGINT},
      </if>
    </trim>
  </insert>
  <select id="countByExample" parameterType="com.zheng.upms.dao.model.UpmsRoleExample" resultType="java.lang.Long">
    select count(*) from upms_role
    <if test="_parameter != null">
      <include refid="Example_Where_Clause" />
    </if>
  </select>
  <update id="updateByExampleSelective" parameterType="map">
    update upms_role
    <set>
      <if test="record.roleId != null">
        role_id = #{record.roleId,jdbcType=INTEGER},
      </if>
      <if test="record.name != null">
        name = #{record.name,jdbcType=VARCHAR},
      </if>
      <if test="record.title != null">
        title = #{record.title,jdbcType=VARCHAR},
      </if>
      <if test="record.description != null">
        description = #{record.description,jdbcType=VARCHAR},
      </if>
      <if test="record.ctime != null">
        ctime = #{record.ctime,jdbcType=BIGINT},
      </if>
      <if test="record.orders != null">
        orders = #{record.orders,jdbcType=BIGINT},
      </if>
    </set>
    <if test="_parameter != null">
      <include refid="Update_By_Example_Where_Clause" />
    </if>
  </update>
  <update id="updateByExample" parameterType="map">
    update upms_role
    set role_id = #{record.roleId,jdbcType=INTEGER},
      name = #{record.name,jdbcType=VARCHAR},
      title = #{record.title,jdbcType=VARCHAR},
      description = #{record.description,jdbcType=VARCHAR},
      ctime = #{record.ctime,jdbcType=BIGINT},
      orders = #{record.orders,jdbcType=BIGINT}
    <if test="_parameter != null">
      <include refid="Update_By_Example_Where_Clause" />
    </if>
  </update>
  <update id="updateByPrimaryKeySelective" parameterType="com.zheng.upms.dao.model.UpmsRole">
    update upms_role
    <set>
      <if test="name != null">
        name = #{name,jdbcType=VARCHAR},
      </if>
      <if test="title != null">
        title = #{title,jdbcType=VARCHAR},
      </if>
      <if test="description != null">
        description = #{description,jdbcType=VARCHAR},
      </if>
      <if test="ctime != null">
        ctime = #{ctime,jdbcType=BIGINT},
      </if>
      <if test="orders != null">
        orders = #{orders,jdbcType=BIGINT},
      </if>
    </set>
    where role_id = #{roleId,jdbcType=INTEGER}
  </update>
  <update id="updateByPrimaryKey" parameterType="com.zheng.upms.dao.model.UpmsRole">
    update upms_role
    set name = #{name,jdbcType=VARCHAR},
      title = #{title,jdbcType=VARCHAR},
      description = #{description,jdbcType=VARCHAR},
      ctime = #{ctime,jdbcType=BIGINT},
      orders = #{orders,jdbcType=BIGINT}
    where role_id = #{roleId,jdbcType=INTEGER}
  </update>
  <cache type="org.mybatis.caches.ehcache.LoggingEhcache" />
</mapper>