<?xml version="1.0" encoding="UTF-8"?>
<!DOCTYPE mapper PUBLIC "-//mybatis.org//DTD Mapper 3.0//EN" "http://mybatis.org/dtd/mybatis-3-mapper.dtd">
<mapper namespace="com.zheng.upms.dao.mapper.UpmsUserPermissionMapper">
  <resultMap id="BaseResultMap" type="com.zheng.upms.dao.model.UpmsUserPermission">
    <id column="user_permission_id" jdbcType="INTEGER" property="userPermissionId" />
    <result column="user_id" jdbcType="INTEGER" property="userId" />
    <result column="permission_id" jdbcType="INTEGER" property="permissionId" />
    <result column="type" jdbcType="TINYINT" property="type" />
  </resultMap>
  <sql id="Example_Where_Clause">
    <where>
      <foreach collection="oredCriteria" item="criteria" separator="or">
        <if test="criteria.valid">
          <trim prefix="(" prefixOverrides="and" suffix=")">
            <foreach collection="criteria.criteria" item="criterion">
              <choose>
                <when test="criterion.noValue">
                  and ${criterion.condition}
                </when>
                <when test="criterion.singleValue">
                  and ${criterion.condition} #{criterion.value}
                </when>
                <when test="criterion.betweenValue">
                  and ${criterion.condition} #{criterion.value} and #{criterion.secondValue}
                </when>
                <when test="criterion.listValue">
                  and ${criterion.condition}
                  <foreach close=")" collection="criterion.value" item="listItem" open="(" separator=",">
                    #{listItem}
                  </foreach>
                </when>
              </choose>
            </foreach>
          </trim>
        </if>
      </foreach>
    </where>
  </sql>
  <sql id="Update_By_Example_Where_Clause">
    <where>
      <foreach collection="example.oredCriteria" item="criteria" separator="or">
        <if test="criteria.valid">
          <trim prefix="(" prefixOverrides="and" suffix=")">
            <foreach collection="criteria.criteria" item="criterion">
              <choose>
                <when test="criterion.noValue">
                  and ${criterion.condition}
                </when>
                <when test="criterion.singleValue">
                  and ${criterion.condition} #{criterion.value}
                </when>
                <when test="criterion.betweenValue">
                  and ${criterion.condition} #{criterion.value} and #{criterion.secondValue}
                </when>
                <when test="criterion.listValue">
                  and ${criterion.condition}
                  <foreach close=")" collection="criterion.value" item="listItem" open="(" separator=",">
                    #{listItem}
                  </foreach>
                </when>
              </choose>
            </foreach>
          </trim>
        </if>
      </foreach>
    </where>
  </sql>
  <sql id="Base_Column_List">
    user_permission_id, user_id, permission_id, type
  </sql>
  <select id="selectByExample" parameterType="com.zheng.upms.dao.model.UpmsUserPermissionExample" resultMap="BaseResultMap">
    select
    <if test="distinct">
      distinct
    </if>
    <include refid="Base_Column_List" />
    from upms_user_permission
    <if test="_parameter != null">
      <include refid="Example_Where_Clause" />
    </if>
    <if test="orderByClause != null">
      order by ${orderByClause}
    </if>
  </select>
  <select id="selectByPrimaryKey" parameterType="java.lang.Integer" resultMap="BaseResultMap">
    select 
    <include refid="Base_Column_List" />
    from upms_user_permission
    where user_permission_id = #{userPermissionId,jdbcType=INTEGER}
  </select>
  <delete id="deleteByPrimaryKey" parameterType="java.lang.Integer">
    delete from upms_user_permission
    where user_permission_id = #{userPermissionId,jdbcType=INTEGER}
  </delete>
  <delete id="deleteByExample" parameterType="com.zheng.upms.dao.model.UpmsUserPermissionExample">
    delete from upms_user_permission
    <if test="_parameter != null">
      <include refid="Example_Where_Clause" />
    </if>
  </delete>
  <insert id="insert" parameterType="com.zheng.upms.dao.model.UpmsUserPermission">
    insert into upms_user_permission (user_permission_id, user_id, permission_id, 
      type)
    values (#{userPermissionId,jdbcType=INTEGER}, #{userId,jdbcType=INTEGER}, #{permissionId,jdbcType=INTEGER}, 
      #{type,jdbcType=TINYINT})
  </insert>
  <insert id="insertSelective" parameterType="com.zheng.upms.dao.model.UpmsUserPermission">
    insert into upms_user_permission
    <trim prefix="(" suffix=")" suffixOverrides=",">
      <if test="userPermissionId != null">
        user_permission_id,
      </if>
      <if test="userId != null">
        user_id,
      </if>
      <if test="permissionId != null">
        permission_id,
      </if>
      <if test="type != null">
        type,
      </if>
    </trim>
    <trim prefix="values (" suffix=")" suffixOverrides=",">
      <if test="userPermissionId != null">
        #{userPermissionId,jdbcType=INTEGER},
      </if>
      <if test="userId != null">
        #{userId,jdbcType=INTEGER},
      </if>
      <if test="permissionId != null">
        #{permissionId,jdbcType=INTEGER},
      </if>
      <if test="type != null">
        #{type,jdbcType=TINYINT},
      </if>
    </trim>
  </insert>
  <select id="countByExample" parameterType="com.zheng.upms.dao.model.UpmsUserPermissionExample" resultType="java.lang.Long">
    select count(*) from upms_user_permission
    <if test="_parameter != null">
      <include refid="Example_Where_Clause" />
    </if>
  </select>
  <update id="updateByExampleSelective" parameterType="map">
    update upms_user_permission
    <set>
      <if test="record.userPermissionId != null">
        user_permission_id = #{record.userPermissionId,jdbcType=INTEGER},
      </if>
      <if test="record.userId != null">
        user_id = #{record.userId,jdbcType=INTEGER},
      </if>
      <if test="record.permissionId != null">
        permission_id = #{record.permissionId,jdbcType=INTEGER},
      </if>
      <if test="record.type != null">
        type = #{record.type,jdbcType=TINYINT},
      </if>
    </set>
    <if test="_parameter != null">
      <include refid="Update_By_Example_Where_Clause" />
    </if>
  </update>
  <update id="updateByExample" parameterType="map">
    update upms_user_permission
    set user_permission_id = #{record.userPermissionId,jdbcType=INTEGER},
      user_id = #{record.userId,jdbcType=INTEGER},
      permission_id = #{record.permissionId,jdbcType=INTEGER},
      type = #{record.type,jdbcType=TINYINT}
    <if test="_parameter != null">
      <include refid="Update_By_Example_Where_Clause" />
    </if>
  </update>
  <update id="updateByPrimaryKeySelective" parameterType="com.zheng.upms.dao.model.UpmsUserPermission">
    update upms_user_permission
    <set>
      <if test="userId != null">
        user_id = #{userId,jdbcType=INTEGER},
      </if>
      <if test="permissionId != null">
        permission_id = #{permissionId,jdbcType=INTEGER},
      </if>
      <if test="type != null">
        type = #{type,jdbcType=TINYINT},
      </if>
    </set>
    where user_permission_id = #{userPermissionId,jdbcType=INTEGER}
  </update>
  <update id="updateByPrimaryKey" parameterType="com.zheng.upms.dao.model.UpmsUserPermission">
    update upms_user_permission
    set user_id = #{userId,jdbcType=INTEGER},
      permission_id = #{permissionId,jdbcType=INTEGER},
      type = #{type,jdbcType=TINYINT}
    where user_permission_id = #{userPermissionId,jdbcType=INTEGER}
  </update>
  <cache type="org.mybatis.caches.ehcache.LoggingEhcache" />
</mapper>